EmployeeID,Name,Department,Gender,Age,Experience,City,Salary,Bonus,Attendance
1001,Employee_1,Marketing,Male,24,16,Gurugram,183686,18615,77
1002,Employee_2,Sales,Female,45,4,Meerut,253332,49900,87
1003,Employee_3,Finance,Female,23,15,Agra,231548,47946,81
1004,Employee_4,Sales,Male,52,5,Agra,279031,12851,92
1005,Employee_5,Sales,Male,23,7,Gurugram,93530,21288,83
1006,Employee_6,AIML,Female,47,17,Gurugram,299932,12156,71
1007,Employee_7,Finance,Female,49,11,Gurugram,58082,7044,87
1008,Employee_8,Finance,Female,52,14,Noida,119570,12368,93
1009,Employee_9,Finance,Male,39,8,Meerut,131015,24900,71
1010,Employee_10,Sales,Female,41,12,Gurugram,237888,35600,80
1011,Employee_11,Marketing,Female,25,14,Delhi,177603,30634,78
1012,Employee_12,Finance,Female,38,9,Delhi,124439,14168,81
1013,Employee_13,IT,Male,48,15,Agra,171214,25961,86
1014,Employee_14,Sales,Female,42,6,Meerut,145053,49096,84
1015,Employee_15,AIML,Female,41,16,Gurugram,78355,28852,94
1016,Employee_16,Marketing,Male,26,6,Delhi,231139,38110,86
1017,Employee_17,IT,Female,21,13,Meerut,264706,37174,95
1018,Employee_18,IT,Female,25,14,Agra,155426,39215,98
1019,Employee_19,AIML,Male,32,6,Noida,94027,31955,95
1020,Employee_20,Marketing,Female,46,8,Meerut,189210,11581,87
1021,Employee_21,Sales,Male,54,18,Meerut,122601,49619,91
1022,Employee_22,WebDev,Male,34,15,Noida,59956,11317,75
1023,Employee_23,Marketing,Female,46,7,Meerut,268340,47856,86
1024,Employee_24,AIML,Female,47,17,Agra,134797,31649,92
1025,Employee_25,IT,Female,29,17,Agra,166511,28132,93
1026,Employee_26,Sales,Female,46,19,Noida,108815,21789,87
1027,Employee_27,Marketing,Male,42,6,Gurugram,69279,19567,77
1028,Employee_28,WebDev,Female,50,2,Delhi,178702,19868,78
1029,Employee_29,WebDev,Male,37,17,Gurugram,91063,29370,75
1030,Employee_30,Finance,Female,46,9,Meerut,279599,47533,74
1031,Employee_31,Finance,Female,56,6,Delhi,284311,35483,81
1032,Employee_32,AIML,Female,21,16,Noida,157896,17466,94
1033,Employee_33,Marketing,Male,28,13,Noida,196216,33803,98
1034,Employee_34,Marketing,Female,55,2,Delhi,252146,23230,97
1035,Employee_35,IT,Female,35,11,Agra,238432,22862,80
1036,Employee_36,IT,Female,42,12,Delhi,212051,48355,94
1037,Employee_37,IT,Female,34,1,Meerut,127661,36259,70
1038,Employee_38,Finance,Male,46,2,Agra,203672,38539,80
1039,Employee_39,Marketing,Female,48,4,Noida,153257,26909,88
1040,Employee_40,Marketing,Male,43,10,Delhi,299054,35795,78
1041,Employee_41,WebDev,Male,34,7,Gurugram,64964,13770,96
1042,Employee_42,Finance,Male,44,11,Gurugram,260156,16093,71
1043,Employee_43,Sales,Male,22,6,Meerut,138212,5193,81
1044,Employee_44,Finance,Male,46,14,Gurugram,69071,39775,73
1045,Employee_45,Sales,Male,34,16,Delhi,142990,22569,73
1046,Employee_46,WebDev,Female,27,3,Delhi,99519,16190,87
1047,Employee_47,AIML,Male,23,12,Gurugram,39503,47752,84
1048,Employee_48,Marketing,Male,43,17,Delhi,221775,37327,88
1049,Employee_49,WebDev,Male,38,0,Meerut,125457,47070,82
1050,Employee_50,Marketing,Female,58,15,Agra,218938,25389,88
1051,Employee_51,IT,Female,55,12,Meerut,177977,45197,86
1052,Employee_52,AIML,Male,35,9,Meerut,75838,7261,75
1053,Employee_53,AIML,Female,45,11,Delhi,119489,33369,85
1054,Employee_54,WebDev,Male,57,1,Agra,56806,31512,93
1055,Employee_55,AIML,Male,48,2,Delhi,206072,11716,81
1056,Employee_56,Sales,Female,30,9,Noida,100119,26259,88
1057,Employee_57,AIML,Male,59,1,Delhi,215165,33933,74
1058,Employee_58,Marketing,Female,37,12,Delhi,135432,46689,86
1059,Employee_59,Marketing,Female,59,12,Delhi,207876,9378,95
1060,Employee_60,Marketing,Male,42,17,Agra,114080,45583,92
1061,Employee_61,Marketing,Male,46,2,Delhi,282791,24835,95
1062,Employee_62,Sales,Female,45,6,Agra,107794,34033,98
1063,Employee_63,Finance,Male,37,13,Gurugram,154447,29000,70
1064,Employee_64,IT,Male,33,19,Noida,150029,15332,97
1065,Employee_65,WebDev,Male,40,16,Agra,209830,47604,96
1066,Employee_66,Marketing,Female,45,11,Gurugram,67643,7800,94
1067,Employee_67,AIML,Female,24,15,Agra,217921,34538,93
1068,Employee_68,Marketing,Male,30,11,Agra,189116,35119,92
1069,Employee_69,AIML,Female,23,14,Noida,45997,13333,79
1070,Employee_70,IT,Female,38,9,Meerut,128605,10410,84
1071,Employee_71,IT,Female,56,6,Meerut,255942,22839,92
1072,Employee_72,IT,Female,42,19,Agra,175643,35519,90
1073,Employee_73,AIML,Female,54,4,Delhi,138255,10808,90
1074,Employee_74,Marketing,Male,28,0,Gurugram,290298,11796,80
1075,Employee_75,IT,Male,39,16,Delhi,88005,26180,82
1076,Employee_76,Sales,Male,57,2,Delhi,247322,48056,74
1077,Employee_77,AIML,Female,26,12,Agra,219784,22709,70
1078,Employee_78,AIML,Female,46,13,Agra,73541,22543,93
1079,Employee_79,Marketing,Male,54,17,Agra,53387,42418,81
1080,Employee_80,AIML,Female,26,3,Agra,209980,34075,80
1081,Employee_81,AIML,Male,57,17,Meerut,115457,42755,86
1082,Employee_82,IT,Male,53,4,Agra,174129,42465,73
1083,Employee_83,Marketing,Male,42,15,Meerut,94028,35502,84
1084,Employee_84,IT,Female,41,0,Meerut,149246,21724,94
1085,Employee_85,IT,Female,26,13,Agra,185930,8828,99
1086,Employee_86,Marketing,Male,26,14,Noida,209761,22087,78
1087,Employee_87,WebDev,Male,24,8,Gurugram,74638,17605,90
1088,Employee_88,IT,Male,50,14,Delhi,207558,36337,89
1089,Employee_89,Sales,Male,31,16,Meerut,50567,10482,88
1090,Employee_90,Sales,Female,50,3,Gurugram,87804,32005,88
1091,Employee_91,AIML,Female,51,11,Noida,33754,27760,81
1092,Employee_92,Sales,Male,44,4,Delhi,57044,10463,74
1093,Employee_93,AIML,Male,29,4,Delhi,97260,9912,79
1094,Employee_94,WebDev,Female,23,10,Meerut,96912,9648,86
1095,Employee_95,Marketing,Female,51,5,Agra,286695,38623,74
1096,Employee_96,Marketing,Male,57,6,Noida,38706,40634,91
1097,Employee_97,Marketing,Male,56,13,Meerut,212684,49602,85
1098,Employee_98,Sales,Male,44,10,Noida,59725,8112,76
1099,Employee_99,WebDev,Female,51,12,Agra,166998,27054,97
1100,Employee_100,Sales,Female,26,1,Agra,134555,9492,78
1101,Employee_101,Sales,Female,22,6,Meerut,291486,27207,72
1102,Employee_102,WebDev,Male,40,19,Agra,86447,20114,84
1103,Employee_103,WebDev,Male,48,3,Gurugram,190878,39285,85
1104,Employee_104,WebDev,Female,31,7,Delhi,71321,21018,87
1105,Employee_105,WebDev,Female,24,19,Meerut,283113,26386,83
1106,Employee_106,Marketing,Male,35,18,Noida,263103,22740,72
1107,Employee_107,Finance,Female,26,12,Gurugram,85147,49199,81
1108,Employee_108,Finance,Female,50,13,Meerut,121396,13210,78
1109,Employee_109,WebDev,Male,58,9,Agra,274839,49363,97
1110,Employee_110,Finance,Female,22,10,Agra,51727,17743,76
1111,Employee_111,Finance,Male,35,1,Agra,269423,47092,78
1112,Employee_112,WebDev,Male,31,8,Agra,125081,49299,82
1113,Employee_113,Finance,Male,28,16,Noida,271130,11588,87
1114,Employee_114,Sales,Male,46,2,Gurugram,98056,8311,74
1115,Employee_115,AIML,Male,25,5,Delhi,164153,27432,82
1116,Employee_116,AIML,Male,26,4,Noida,195268,38755,73
1117,Employee_117,WebDev,Male,46,4,Noida,197807,8321,71
1118,Employee_118,Marketing,Female,24,14,Delhi,265821,20812,85
1119,Employee_119,WebDev,Male,39,16,Delhi,110102,42383,78
1120,Employee_120,Marketing,Male,40,8,Agra,186570,18146,78
1121,Employee_121,AIML,Female,53,2,Noida,106865,18654,75
1122,Employee_122,WebDev,Female,40,19,Meerut,192728,40820,80
1123,Employee_123,IT,Female,32,16,Delhi,97695,5726,91
1124,Employee_124,Sales,Male,21,9,Delhi,147235,8760,93
1125,Employee_125,Finance,Female,46,2,Gurugram,138777,27190,91
1126,Employee_126,Marketing,Male,34,17,Meerut,49033,6875,70
1127,Employee_127,IT,Male,58,17,Meerut,171877,28377,73
1128,Employee_128,Finance,Male,57,16,Delhi,196923,9033,82
1129,Employee_129,Finance,Male,31,2,Agra,56832,43211,92
1130,Employee_130,WebDev,Female,56,2,Gurugram,224509,22373,82
1131,Employee_131,Finance,Female,33,5,Meerut,175016,8744,82
1132,Employee_132,Sales,Male,23,12,Delhi,70372,29995,71
1133,Employee_133,IT,Male,53,14,Meerut,119464,21977,78
1134,Employee_134,Finance,Male,26,8,Gurugram,176451,37402,93
1135,Employee_135,WebDev,Female,30,3,Gurugram,147322,39542,77
1136,Employee_136,Sales,Male,25,13,Noida,197823,15651,76
1137,Employee_137,AIML,Male,43,4,Delhi,250894,38703,73
1138,Employee_138,IT,Female,30,1,Gurugram,297254,18395,87
1139,Employee_139,Finance,Female,22,10,Noida,130483,34808,72
1140,Employee_140,WebDev,Male,33,8,Noida,39596,41576,97
1141,Employee_141,AIML,Female,22,2,Meerut,264627,21715,75
1142,Employee_142,AIML,Female,40,8,Meerut,137539,49409,81
1143,Employee_143,Marketing,Male,21,2,Noida,48313,29306,81
1144,Employee_144,Sales,Female,57,1,Meerut,227621,24086,90
1145,Employee_145,Finance,Male,29,11,Gurugram,144914,19376,97
1146,Employee_146,WebDev,Female,37,9,Agra,53705,10889,77
1147,Employee_147,Marketing,Male,29,8,Gurugram,228436,42822,91
1148,Employee_148,Sales,Male,31,14,Noida,133892,41636,91
1149,Employee_149,Marketing,Male,35,7,Noida,239717,25584,70
1150,Employee_150,IT,Female,44,4,Gurugram,294167,39610,73
1151,Employee_151,Sales,Male,58,10,Meerut,149654,15058,90
1152,Employee_152,Sales,Female,55,1,Meerut,220868,14101,97
1153,Employee_153,Finance,Male,50,14,Noida,110073,17497,80
1154,Employee_154,Sales,Male,51,5,Delhi,94429,9658,72
1155,Employee_155,Marketing,Female,25,7,Meerut,134195,16381,82
1156,Employee_156,Sales,Male,34,4,Gurugram,222699,45312,94
1157,Employee_157,Finance,Male,31,15,Meerut,63848,45486,86
1158,Employee_158,Finance,Female,29,17,Gurugram,98099,22154,91
1159,Employee_159,IT,Male,54,5,Noida,99122,24539,91
1160,Employee_160,Marketing,Male,32,4,Meerut,177159,16777,79
1161,Employee_161,AIML,Male,55,15,Gurugram,78868,39396,90
1162,Employee_162,AIML,Male,55,12,Noida,149119,35373,81
1163,Employee_163,Sales,Female,21,4,Delhi,298787,38154,84
1164,Employee_164,IT,Female,42,12,Gurugram,139079,11031,90
1165,Employee_165,WebDev,Male,49,16,Delhi,46029,32997,79
1166,Employee_166,Sales,Female,28,17,Delhi,276353,11439,83
1167,Employee_167,IT,Male,31,7,Agra,224718,27785,82
1168,Employee_168,Marketing,Female,57,12,Meerut,98926,18392,74
1169,Employee_169,Marketing,Male,34,18,Gurugram,167069,33669,75
1170,Employee_170,Marketing,Male,50,2,Delhi,72092,33939,93
1171,Employee_171,Marketing,Male,55,7,Agra,182889,7282,71
1172,Employee_172,Marketing,Male,41,1,Noida,198933,39624,91
1173,Employee_173,IT,Male,57,7,Gurugram,43428,29364,86
1174,Employee_174,IT,Male,25,12,Delhi,205006,6998,73
1175,Employee_175,Finance,Female,39,12,Meerut,276627,36705,83
1176,Employee_176,AIML,Male,34,0,Agra,275439,43244,79
1177,Employee_177,Marketing,Female,46,5,Delhi,171330,14428,72
1178,Employee_178,WebDev,Male,24,18,Meerut,87775,42437,94
1179,Employee_179,IT,Female,45,15,Delhi,242652,17336,72
1180,Employee_180,WebDev,Female,45,7,Gurugram,297613,14342,84
1181,Employee_181,WebDev,Female,38,0,Gurugram,167328,44832,75
1182,Employee_182,WebDev,Male,28,15,Gurugram,285158,12446,86
1183,Employee_183,Finance,Male,59,8,Agra,106256,43392,81
1184,Employee_184,IT,Female,34,12,Gurugram,162723,12461,91
1185,Employee_185,WebDev,Male,52,10,Meerut,211360,39587,89
1186,Employee_186,Marketing,Female,58,12,Delhi,272634,15516,93
1187,Employee_187,Sales,Male,53,9,Noida,63787,18749,98
1188,Employee_188,WebDev,Female,43,3,Meerut,51621,22514,80
1189,Employee_189,Finance,Female,35,5,Meerut,107984,40426,94
1190,Employee_190,IT,Male,53,6,Gurugram,60447,41268,73
1191,Employee_191,Finance,Female,45,4,Agra,158046,29950,95
1192,Employee_192,WebDev,Male,37,10,Delhi,245002,39888,97
1193,Employee_193,IT,Female,53,12,Agra,191326,41788,95
1194,Employee_194,Sales,Female,22,18,Delhi,146859,15213,75
1195,Employee_195,WebDev,Male,34,9,Delhi,218490,41027,70
1196,Employee_196,Finance,Male,59,9,Agra,33471,33011,89
1197,Employee_197,AIML,Male,26,10,Meerut,268404,47849,92
1198,Employee_198,Marketing,Female,26,6,Delhi,150312,39591,97
1199,Employee_199,Finance,Male,23,17,Agra,256876,22858,85
1200,Employee_200,IT,Female,27,3,Delhi,169401,23626,84
1201,Employee_201,WebDev,Female,28,1,Noida,195937,18467,86
1202,Employee_202,Marketing,Male,35,13,Meerut,76850,44758,77
1203,Employee_203,WebDev,Male,49,12,Gurugram,273306,8134,97
1204,Employee_204,IT,Female,53,11,Delhi,123808,21743,95
1205,Employee_205,WebDev,Female,50,6,Noida,167469,20434,81
1206,Employee_206,AIML,Male,59,1,Gurugram,258981,15233,96
1207,Employee_207,Marketing,Male,47,12,Gurugram,196597,6141,91
1208,Employee_208,Marketing,Male,56,13,Delhi,83072,23019,90
1209,Employee_209,IT,Male,49,16,Agra,251178,25384,79
1210,Employee_210,AIML,Male,58,8,Delhi,113820,47903,96
1211,Employee_211,Finance,Female,53,16,Noida,53284,41129,84
1212,Employee_212,WebDev,Female,57,7,Gurugram,113369,27967,99
1213,Employee_213,Sales,Female,47,1,Delhi,242978,45603,78
1214,Employee_214,WebDev,Female,53,12,Agra,92812,16172,71
1215,Employee_215,WebDev,Male,24,2,Delhi,163168,21390,74
1216,Employee_216,Finance,Male,42,15,Meerut,274809,8267,75
1217,Employee_217,WebDev,Male,22,5,Agra,282164,44332,76
1218,Employee_218,AIML,Female,30,18,Noida,275317,31167,90
1219,Employee_219,AIML,Female,25,6,Gurugram,180787,26312,94
1220,Employee_220,Marketing,Male,30,9,Delhi,190381,32840,70
1221,Employee_221,IT,Male,53,8,Agra,176150,23990,92
1222,Employee_222,Sales,Female,58,1,Meerut,35105,49179,95
1223,Employee_223,WebDev,Female,33,14,Agra,294983,10906,76
1224,Employee_224,WebDev,Male,51,4,Meerut,98920,45379,89
1225,Employee_225,Finance,Male,56,3,Noida,72821,22297,94
1226,Employee_226,IT,Female,44,19,Gurugram,155736,7011,99
1227,Employee_227,AIML,Male,35,3,Noida,47069,49014,81
1228,Employee_228,Sales,Male,49,17,Delhi,37531,16738,85
1229,Employee_229,Marketing,Male,28,3,Agra,168808,33797,85
1230,Employee_230,AIML,Female,25,16,Meerut,168782,16120,80
1231,Employee_231,IT,Female,49,11,Meerut,97155,13767,90
1232,Employee_232,Marketing,Female,24,16,Agra,92424,27852,73
1233,Employee_233,Finance,Female,32,9,Agra,162503,18703,82
1234,Employee_234,Finance,Female,22,0,Delhi,235675,5929,76
1235,Employee_235,WebDev,Female,47,17,Noida,198553,16951,73
1236,Employee_236,IT,Female,51,17,Meerut,170629,31039,84
1237,Employee_237,Sales,Male,56,13,Delhi,161234,34504,88
1238,Employee_238,Marketing,Male,56,14,Noida,49675,22438,78
1239,Employee_239,AIML,Male,46,11,Delhi,103997,10744,80
1240,Employee_240,IT,Male,47,3,Meerut,178087,23284,77
1241,Employee_241,IT,Male,25,2,Agra,261390,47417,70
1242,Employee_242,Finance,Male,40,19,Agra,170905,44748,92
1243,Employee_243,WebDev,Male,31,11,Noida,281435,12069,94
1244,Employee_244,WebDev,Female,30,6,Gurugram,71800,47359,93
1245,Employee_245,Marketing,Female,58,10,Noida,126044,24799,77
1246,Employee_246,Finance,Male,26,0,Gurugram,297491,38210,82
1247,Employee_247,IT,Male,28,5,Delhi,220135,33226,91
1248,Employee_248,Sales,Female,43,14,Delhi,163715,9652,96
1249,Employee_249,Finance,Male,46,14,Meerut,47073,29323,73
1250,Employee_250,Marketing,Male,32,18,Gurugram,60682,47138,77
1251,Employee_251,Marketing,Female,46,10,Meerut,258870,12597,72
1252,Employee_252,Finance,Male,33,1,Agra,257966,42226,98
1253,Employee_253,Marketing,Female,38,13,Gurugram,145359,11591,78
1254,Employee_254,Finance,Male,45,1,Noida,96707,30833,98
1255,Employee_255,AIML,Female,53,3,Agra,281351,16826,71
1256,Employee_256,Finance,Female,32,16,Agra,268511,31417,71
1257,Employee_257,Finance,Female,56,2,Noida,265718,23693,97
1258,Employee_258,Marketing,Male,24,12,Agra,95428,19138,82
1259,Employee_259,Marketing,Female,25,8,Gurugram,80601,7169,84
1260,Employee_260,WebDev,Male,57,6,Meerut,141487,23556,97
1261,Employee_261,WebDev,Male,28,14,Agra,183741,27052,92
1262,Employee_262,AIML,Male,48,10,Gurugram,281924,11313,81
1263,Employee_263,WebDev,Male,51,19,Delhi,289153,13315,95
1264,Employee_264,Finance,Female,29,1,Gurugram,279430,13036,73
1265,Employee_265,Marketing,Female,49,14,Meerut,152788,36778,95
1266,Employee_266,WebDev,Male,34,13,Gurugram,127239,32734,77
1267,Employee_267,WebDev,Male,42,19,Noida,56928,28173,78
1268,Employee_268,AIML,Female,31,10,Meerut,92292,35403,92
1269,Employee_269,IT,Male,43,2,Delhi,59055,5785,74
1270,Employee_270,AIML,Female,21,16,Noida,111912,11139,93
1271,Employee_271,Finance,Male,57,11,Gurugram,167660,11344,89
1272,Employee_272,Marketing,Male,41,14,Meerut,298448,23800,87
1273,Employee_273,AIML,Female,46,15,Delhi,37345,30372,80
1274,Employee_274,WebDev,Male,56,4,Noida,190372,25538,84
1275,Employee_275,Marketing,Female,43,19,Delhi,121006,19973,97
1276,Employee_276,Marketing,Male,21,5,Gurugram,159350,10619,91
1277,Employee_277,WebDev,Male,35,18,Delhi,194437,39704,78
1278,Employee_278,AIML,Male,41,4,Agra,294480,41575,86
1279,Employee_279,WebDev,Female,29,2,Noida,236487,44919,96
1280,Employee_280,IT,Male,29,0,Delhi,127852,47261,95
1281,Employee_281,Marketing,Male,30,5,Gurugram,168593,32716,81
1282,Employee_282,Sales,Male,46,14,Gurugram,232779,8236,76
1283,Employee_283,Sales,Male,55,1,Delhi,184553,20848,79
1284,Employee_284,Finance,Female,45,2,Gurugram,207832,7352,94
1285,Employee_285,WebDev,Female,46,16,Meerut,75232,6932,95
1286,Employee_286,WebDev,Male,31,11,Meerut,289013,15913,94
1287,Employee_287,Finance,Female,58,17,Meerut,239093,13556,79
1288,Employee_288,Finance,Male,22,14,Agra,209017,26300,96
1289,Employee_289,Finance,Male,27,11,Delhi,43140,10498,82
1290,Employee_290,Marketing,Male,38,15,Agra,113457,15582,88
1291,Employee_291,IT,Female,47,7,Gurugram,44357,14569,80
1292,Employee_292,WebDev,Female,54,13,Agra,141672,9857,82
1293,Employee_293,Marketing,Female,47,16,Gurugram,151673,5340,90
1294,Employee_294,Finance,Female,37,7,Gurugram,95633,48949,77
1295,Employee_295,WebDev,Female,44,14,Noida,238015,21766,77
1296,Employee_296,Marketing,Female,45,13,Meerut,126111,31132,73
1297,Employee_297,IT,Female,27,17,Gurugram,99286,13491,84
1298,Employee_298,Marketing,Female,26,19,Noida,123269,5138,97
1299,Employee_299,IT,Female,44,6,Meerut,288635,5358,80
1300,Employee_300,Finance,Male,53,2,Gurugram,104071,14714,80
1301,Employee_301,IT,Female,49,11,Gurugram,251095,24840,70
1302,Employee_302,WebDev,Female,42,2,Agra,60651,39395,86
1303,Employee_303,Finance,Female,46,19,Agra,100202,35654,84
1304,Employee_304,WebDev,Female,48,13,Meerut,78777,30879,89
1305,Employee_305,Sales,Female,41,14,Gurugram,178066,20996,75
1306,Employee_306,AIML,Female,27,13,Delhi,220706,42772,93
1307,Employee_307,IT,Female,37,6,Agra,130158,31762,91
1308,Employee_308,AIML,Female,40,16,Meerut,269647,18283,97
1309,Employee_309,AIML,Female,40,11,Gurugram,173891,44420,94
1310,Employee_310,IT,Female,42,19,Gurugram,235977,24554,84
1311,Employee_311,Finance,Female,48,3,Delhi,93870,25219,78
1312,Employee_312,Sales,Male,27,8,Meerut,39283,39919,83
1313,Employee_313,WebDev,Male,21,5,Gurugram,191645,14429,87
1314,Employee_314,Marketing,Female,52,15,Agra,35774,49695,95
1315,Employee_315,WebDev,Female,33,1,Delhi,233127,44673,86
1316,Employee_316,Marketing,Male,50,7,Meerut,172055,24218,87
1317,Employee_317,WebDev,Female,43,10,Delhi,126468,17452,74
1318,Employee_318,IT,Male,39,12,Agra,30781,23951,89
1319,Employee_319,Sales,Male,52,16,Meerut,144586,6307,89
1320,Employee_320,Marketing,Male,50,7,Delhi,36823,19852,78
1321,Employee_321,Finance,Male,49,17,Noida,48489,30232,80
1322,Employee_322,WebDev,Male,49,17,Agra,201033,40428,93
1323,Employee_323,WebDev,Female,50,13,Agra,130417,48171,91
1324,Employee_324,Marketing,Male,36,14,Agra,111816,31485,70
1325,Employee_325,Finance,Female,39,5,Noida,183335,15238,87
1326,Employee_326,Finance,Female,38,10,Noida,181426,43975,75
1327,Employee_327,IT,Male,21,12,Gurugram,204023,6140,96
1328,Employee_328,IT,Male,34,0,Delhi,53648,29842,71
1329,Employee_329,IT,Female,22,5,Gurugram,71971,31421,84
1330,Employee_330,IT,Male,48,8,Delhi,48658,6708,98
1331,Employee_331,IT,Male,50,7,Noida,51253,8630,95
1332,Employee_332,IT,Female,58,10,Noida,209635,24595,90
1333,Employee_333,Sales,Female,24,18,Gurugram,187462,15485,83
1334,Employee_334,Finance,Male,21,8,Meerut,212650,33308,74
1335,Employee_335,IT,Female,28,16,Gurugram,240097,49789,75
1336,Employee_336,Finance,Male,49,11,Delhi,133850,31086,75
1337,Employee_337,Finance,Male,59,13,Gurugram,167924,21859,99
1338,Employee_338,AIML,Male,23,14,Agra,256058,12684,91
1339,Employee_339,Sales,Female,52,15,Delhi,163623,30552,99
1340,Employee_340,IT,Female,30,19,Delhi,91001,6207,87
1341,Employee_341,WebDev,Female,30,0,Meerut,210231,6960,83
1342,Employee_342,Marketing,Female,39,9,Noida,152775,5557,79
1343,Employee_343,WebDev,Female,54,7,Delhi,63243,34689,83
1344,Employee_344,Sales,Male,53,17,Noida,182872,18893,82
1345,Employee_345,Marketing,Male,43,0,Gurugram,291716,37272,99
1346,Employee_346,Sales,Male,48,1,Agra,298854,5882,72
1347,Employee_347,Finance,Male,52,0,Meerut,201918,42529,99
1348,Employee_348,Marketing,Female,27,0,Noida,249055,43635,75
1349,Employee_349,Finance,Male,49,8,Delhi,240129,34535,98
1350,Employee_350,WebDev,Female,28,12,Noida,238139,17869,77
1351,Employee_351,WebDev,Male,21,0,Delhi,110257,12166,81
1352,Employee_352,Marketing,Female,23,12,Noida,36530,17982,82
1353,Employee_353,Marketing,Female,44,19,Delhi,95794,45697,80
1354,Employee_354,IT,Male,43,6,Gurugram,240545,43115,81
1355,Employee_355,Sales,Male,28,1,Delhi,162970,12269,70
1356,Employee_356,IT,Male,57,5,Delhi,34135,33064,86
1357,Employee_357,Sales,Male,23,6,Agra,280870,18527,85
1358,Employee_358,IT,Female,53,13,Delhi,119087,7454,80
1359,Employee_359,Finance,Male,48,17,Agra,226103,25878,82
1360,Employee_360,Marketing,Male,28,14,Meerut,50074,17991,87
1361,Employee_361,WebDev,Female,54,1,Agra,251796,7808,80
1362,Employee_362,Sales,Male,55,9,Gurugram,97843,44410,97
1363,Employee_363,Sales,Male,52,11,Agra,69901,41593,81
1364,Employee_364,WebDev,Male,44,16,Meerut,298050,41304,75
1365,Employee_365,IT,Male,34,7,Gurugram,92987,35386,78
1366,Employee_366,Sales,Male,52,10,Noida,84400,8802,85
1367,Employee_367,Finance,Female,36,2,Noida,186222,33753,73
1368,Employee_368,Marketing,Male,24,5,Agra,61852,26083,72
1369,Employee_369,WebDev,Male,57,8,Agra,149052,23354,97
1370,Employee_370,Marketing,Male,41,5,Meerut,86481,27190,85
1371,Employee_371,Sales,Male,34,8,Meerut,293427,11142,93
1372,Employee_372,Sales,Male,51,6,Delhi,63691,33398,96
1373,Employee_373,WebDev,Female,38,8,Meerut,228137,46862,95
1374,Employee_374,Finance,Male,27,17,Delhi,56170,38132,99
1375,Employee_375,AIML,Female,30,11,Gurugram,38438,24503,94
1376,Employee_376,WebDev,Female,27,7,Agra,177226,39631,81
1377,Employee_377,AIML,Male,53,7,Gurugram,85426,21499,80
1378,Employee_378,IT,Male,43,17,Meerut,269968,44852,74
1379,Employee_379,AIML,Male,41,19,Gurugram,185289,13016,94
1380,Employee_380,Finance,Male,39,14,Gurugram,291501,7384,87
1381,Employee_381,IT,Female,39,6,Gurugram,249780,20072,88
1382,Employee_382,AIML,Male,56,10,Meerut,176108,41703,92
1383,Employee_383,IT,Male,49,19,Gurugram,238347,19482,92
1384,Employee_384,AIML,Male,38,15,Delhi,127756,45510,75
1385,Employee_385,Finance,Male,22,3,Meerut,125665,26826,91
1386,Employee_386,AIML,Male,21,5,Gurugram,161717,7490,87
1387,Employee_387,AIML,Male,25,2,Meerut,192002,30518,95
1388,Employee_388,AIML,Female,40,8,Noida,291691,29045,75
1389,Employee_389,WebDev,Female,31,9,Delhi,111835,31910,73
1390,Employee_390,WebDev,Male,22,13,Gurugram,152232,29566,81
1391,Employee_391,WebDev,Male,23,10,Noida,248561,38905,88
1392,Employee_392,Finance,Male,43,17,Noida,273051,32103,98
1393,Employee_393,IT,Female,32,11,Meerut,187547,41188,96
1394,Employee_394,Sales,Male,40,11,Noida,73732,10845,98
1395,Employee_395,AIML,Female,25,12,Delhi,242695,26162,71
1396,Employee_396,AIML,Male,57,12,Delhi,207109,41674,86
1397,Employee_397,Finance,Male,58,18,Agra,39346,24337,80
1398,Employee_398,AIML,Male,50,18,Delhi,292731,27313,80
1399,Employee_399,WebDev,Male,29,13,Noida,42763,31943,90
1400,Employee_400,Sales,Female,54,3,Delhi,220237,17413,85
1401,Employee_401,Marketing,Female,55,12,Meerut,268553,5276,71
1402,Employee_402,AIML,Male,42,7,Agra,150987,22611,71
1403,Employee_403,WebDev,Male,44,18,Noida,246823,44105,92
1404,Employee_404,Marketing,Female,37,11,Agra,121353,16944,77
1405,Employee_405,Sales,Female,30,17,Noida,251373,20906,82
1406,Employee_406,Marketing,Female,50,5,Meerut,55556,25536,79
1407,Employee_407,WebDev,Female,43,17,Agra,48099,32810,77
1408,Employee_408,IT,Male,52,18,Gurugram,206168,17306,99
1409,Employee_409,IT,Female,37,4,Noida,233058,15503,73
1410,Employee_410,Marketing,Male,37,8,Gurugram,174302,24225,84
1411,Employee_411,Finance,Female,34,2,Agra,232041,41976,99
1412,Employee_412,Marketing,Female,29,9,Gurugram,63866,16590,70
1413,Employee_413,AIML,Female,22,18,Gurugram,135400,15886,80
1414,Employee_414,AIML,Female,45,2,Agra,167488,17866,76
1415,Employee_415,IT,Female,59,14,Meerut,102516,6088,86
1416,Employee_416,Finance,Male,29,0,Gurugram,216987,8363,96
1417,Employee_417,WebDev,Male,42,6,Gurugram,219139,37792,89
1418,Employee_418,AIML,Female,24,11,Meerut,188588,14764,93
1419,Employee_419,IT,Female,46,16,Gurugram,159295,25620,87
1420,Employee_420,Sales,Male,49,19,Gurugram,117969,47727,91
1421,Employee_421,IT,Female,54,4,Gurugram,162161,17935,98
1422,Employee_422,AIML,Female,43,3,Delhi,235735,13068,91
1423,Employee_423,AIML,Male,57,11,Meerut,171559,12295,81
1424,Employee_424,IT,Female,31,19,Gurugram,292299,46160,78
1425,Employee_425,WebDev,Female,26,17,Meerut,153950,16390,74
1426,Employee_426,Marketing,Male,38,16,Noida,106229,46216,79
1427,Employee_427,AIML,Male,41,18,Noida,134648,25131,73
1428,Employee_428,IT,Male,56,8,Gurugram,68547,34218,74
1429,Employee_429,IT,Female,58,3,Meerut,58795,15433,97
1430,Employee_430,Finance,Male,54,1,Meerut,216368,20038,97
1431,Employee_431,Marketing,Male,37,3,Meerut,51447,33182,79
1432,Employee_432,Sales,Male,57,1,Delhi,197670,16528,80
1433,Employee_433,WebDev,Male,45,14,Noida,251823,26281,90
1434,Employee_434,Sales,Male,58,1,Meerut,286190,13605,93
1435,Employee_435,Marketing,Male,32,3,Meerut,236402,39782,79
1436,Employee_436,Marketing,Female,43,5,Delhi,282419,6381,97
1437,Employee_437,Marketing,Female,42,6,Delhi,259817,6098,77
1438,Employee_438,Sales,Male,41,9,Meerut,85077,24810,71
1439,Employee_439,Marketing,Male,47,18,Agra,142782,29322,92
1440,Employee_440,IT,Male,51,18,Meerut,132932,46869,77
1441,Employee_441,Sales,Female,26,11,Meerut,216339,37955,85
1442,Employee_442,Marketing,Female,47,2,Delhi,128696,49716,96
1443,Employee_443,IT,Female,54,12,Delhi,80939,15207,91
1444,Employee_444,Finance,Female,32,17,Meerut,217598,26793,74
1445,Employee_445,Marketing,Female,27,7,Meerut,171521,7092,96
1446,Employee_446,Sales,Female,30,14,Meerut,80290,33220,94
1447,Employee_447,AIML,Female,37,0,Delhi,97990,23514,98
1448,Employee_448,Marketing,Female,46,2,Meerut,88810,43010,72
1449,Employee_449,AIML,Female,41,7,Meerut,148362,13549,81
1450,Employee_450,IT,Male,48,3,Gurugram,176295,27031,82
1451,Employee_451,Finance,Male,22,15,Agra,163669,10185,82
1452,Employee_452,WebDev,Male,21,9,Noida,226749,20271,79
1453,Employee_453,Finance,Male,56,11,Agra,294803,10776,73
1454,Employee_454,Marketing,Female,46,13,Gurugram,116516,17449,78
1455,Employee_455,AIML,Female,49,13,Noida,104567,29297,91
1456,Employee_456,AIML,Male,41,1,Meerut,156498,45591,93
1457,Employee_457,Sales,Female,31,4,Gurugram,207810,20717,92
1458,Employee_458,AIML,Male,31,4,Meerut,42109,45123,96
1459,Employee_459,Sales,Female,56,5,Delhi,269472,44233,71
1460,Employee_460,IT,Male,59,12,Gurugram,169544,15350,88
1461,Employee_461,WebDev,Female,55,8,Delhi,276183,35622,70
1462,Employee_462,Marketing,Female,54,14,Gurugram,184455,40323,94
1463,Employee_463,Sales,Male,44,13,Gurugram,274325,7951,98
1464,Employee_464,WebDev,Female,42,6,Delhi,64518,22622,76
1465,Employee_465,AIML,Male,25,19,Noida,83909,9727,86
1466,Employee_466,AIML,Male,53,1,Agra,230696,43454,72
1467,Employee_467,WebDev,Male,56,6,Meerut,45282,41469,89
1468,Employee_468,AIML,Male,40,5,Gurugram,269017,40548,89
1469,Employee_469,IT,Female,39,16,Meerut,297219,28782,90
1470,Employee_470,IT,Female,55,1,Delhi,209526,33454,99
1471,Employee_471,WebDev,Female,37,2,Meerut,58365,7368,72
1472,Employee_472,Sales,Male,54,4,Delhi,240294,20592,72
1473,Employee_473,Sales,Female,29,4,Meerut,146219,27173,86
1474,Employee_474,WebDev,Male,46,0,Agra,86307,38204,76
1475,Employee_475,Sales,Female,22,7,Agra,165565,40596,96
1476,Employee_476,Sales,Female,29,11,Agra,285095,39324,95
1477,Employee_477,IT,Female,29,3,Agra,64228,28864,83
1478,Employee_478,Sales,Male,37,12,Agra,240748,35750,86
1479,Employee_479,Finance,Female,21,14,Agra,73472,15576,87
1480,Employee_480,Marketing,Female,45,10,Delhi,167888,21566,82
1481,Employee_481,AIML,Male,45,9,Gurugram,107175,12190,89
1482,Employee_482,Finance,Female,59,2,Meerut,94307,28071,98
1483,Employee_483,Sales,Male,55,13,Agra,125028,43333,89
1484,Employee_484,IT,Female,23,15,Delhi,172312,20369,90
1485,Employee_485,WebDev,Male,57,9,Delhi,122493,29035,96
1486,Employee_486,Sales,Male,50,9,Delhi,155149,6589,87
1487,Employee_487,IT,Female,58,11,Gurugram,259416,30235,73
1488,Employee_488,Marketing,Male,54,8,Meerut,232435,5159,70
1489,Employee_489,Sales,Male,32,0,Gurugram,193834,17145,87
1490,Employee_490,WebDev,Male,39,4,Noida,211211,20373,70
1491,Employee_491,IT,Male,57,19,Delhi,93095,36921,95
1492,Employee_492,IT,Male,37,7,Noida,147886,44323,95
1493,Employee_493,IT,Male,30,10,Agra,65292,21237,82
1494,Employee_494,Marketing,Female,32,11,Agra,104813,46971,89
1495,Employee_495,Sales,Male,36,0,Gurugram,127136,13244,89
1496,Employee_496,Marketing,Male,44,19,Meerut,81631,19743,92
1497,Employee_497,AIML,Female,39,10,Noida,39885,36566,79
1498,Employee_498,AIML,Female,28,4,Meerut,215378,23691,96
1499,Employee_499,Sales,Female,51,14,Gurugram,79812,38996,80
1500,Employee_500,Marketing,Female,41,4,Agra,211572,10590,78
